filename,label
00000001_000.png,2
00000001_008.png,1
00000001_012.png,0
00000001_016.png,0
00000001_017.png,0
00000001_020.png,0
00000001_024.png,1
00000001_027.png,2
00000001_029.png,0
00000002_001.png,1
00000002_008.png,0
00000002_026.png,1
00000003_007.png,0
00000003_009.png,1
00000003_024.png,0
00000003_026.png,0
00000003_029.png,0
00000004_003.png,1
00000004_008.png,1
00000004_012.png,0
00000004_028.png,1
00000005_000.png,0
00000005_001.png,1
00000005_017.png,2
00000005_020.png,0
00000005_022.png,1
00000005_023.png,0
00000006_006.png,1
00000006_008.png,1
00000006_011.png,0
00000006_013.png,0
00000006_022.png,1
00000006_024.png,0
00000007_000.png,0
00000007_004.png,0
00000007_008.png,0
00000007_012.png,0
00000007_022.png,1
00000008_002.png,0
00000008_028.png,1
00000008_029.png,0
00000009_003.png,0
00000009_004.png,0
00000009_009.png,0
00000009_013.png,0
00000009_015.png,1
00000009_021.png,1
00000009_022.png,1
00000009_026.png,0
00000010_003.png,1
00000010_006.png,0
00000010_027.png,1
00000010_028.png,0
00000010_029.png,1
00000011_001.png,0
00000011_003.png,0
00000011_004.png,0
00000011_007.png,0
00000011_010.png,0
00000011_014.png,0
00000011_016.png,1
00000011_020.png,0
00000011_023.png,1
00000011_027.png,0
00000012_010.png,0
00000012_028.png,1
00000013_005.png,1
00000013_006.png,0
00000013_011.png,0
00000013_017.png,0
00000013_021.png,0
00000013_025.png,1
00000013_029.png,0
00000014_001.png,1
00000014_003.png,0
00000015_000.png,0
00000015_013.png,0
00000015_016.png,1
00000015_018.png,1
00000015_020.png,1
00000015_022.png,0
00000016_013.png,0
00000016_015.png,0
00000016_018.png,0
00000016_019.png,0
00000016_027.png,0
00000017_000.png,0
00000017_003.png,0
00000017_005.png,1
00000017_007.png,1
00000017_008.png,2
00000017_019.png,1
00000017_020.png,1
00000018_006.png,0
00000018_023.png,0
00000018_024.png,0
00000018_025.png,0
00000018_029.png,1
00000019_000.png,1
00000019_004.png,0
00000019_010.png,0
00000019_020.png,0
00000019_022.png,0
00000019_024.png,0
00000019_025.png,0
00000019_026.png,0
00000020_004.png,0
00000020_005.png,0
00000020_015.png,1
00000020_017.png,0
00000020_018.png,1
00000021_008.png,0
00000021_019.png,0
00000022_003.png,0
00000022_009.png,1
00000022_010.png,2
00000022_013.png,0
00000022_014.png,0
00000022_021.png,0
00000022_028.png,0
00000023_007.png,0
00000023_020.png,1
00000023_025.png,0
00000024_000.png,1
00000024_011.png,0
00000024_012.png,1
00000024_013.png,0
00000024_024.png,0
00000025_004.png,0
00000025_013.png,1
00000025_015.png,0
00000025_022.png,1
00000025_029.png,1
00000026_015.png,1
00000026_020.png,0
00000026_024.png,0
00000026_027.png,0
00000027_000.png,0
00000027_017.png,1
00000027_018.png,0
00000027_020.png,1
00000027_029.png,0
00000028_004.png,1
00000028_015.png,0
00000028_024.png,0
00000029_003.png,0
00000029_004.png,1
00000029_024.png,0
00000029_029.png,0
00000030_004.png,0
00000030_006.png,0
00000030_012.png,0
00000030_022.png,0
00000030_025.png,0
00000030_028.png,0
00000031_004.png,0
00000031_019.png,1
00000031_028.png,0
00000032_019.png,0
00000032_026.png,0
00000033_011.png,0
00000033_012.png,1
00000033_018.png,0
00000033_019.png,0
00000033_021.png,0
00000034_001.png,1
00000034_026.png,1
00000034_027.png,0
00000034_028.png,0
00000034_029.png,1
00000035_004.png,0
00000035_006.png,1
00000036_000.png,0
00000036_005.png,0
00000036_006.png,0
00000036_008.png,0
00000036_020.png,1
00000036_021.png,0
00000036_023.png,0
00000036_024.png,2
00000036_029.png,0
00000037_001.png,0
00000037_002.png,0
00000037_004.png,0
00000037_005.png,1
00000037_006.png,0
00000037_007.png,0
00000037_013.png,1
00000037_028.png,0
00000038_000.png,0
00000038_002.png,0
00000038_010.png,0
00000038_015.png,0
00000038_016.png,0
00000038_020.png,0
00000039_013.png,0
00000040_018.png,0
00000040_022.png,0
00000040_023.png,0
00000040_028.png,0
00000040_029.png,0
00000041_000.png,0
00000041_001.png,1
00000041_003.png,1
00000041_011.png,0
00000041_012.png,1
00000042_009.png,0
00000043_013.png,0
00000043_025.png,0
00000043_027.png,0
00000043_028.png,1
00000045_002.png,0
00000045_007.png,0
00000045_021.png,0
00000046_010.png,0
00000046_014.png,0
00000046_016.png,0
00000046_023.png,0
00000047_017.png,0
00000048_001.png,0
00000048_004.png,1
00000048_010.png,0
00000048_016.png,0
00000048_018.png,0
00000049_004.png,0
00000049_005.png,0
00000049_011.png,0
00000049_012.png,0
00000049_017.png,0
00000049_026.png,1
00000049_027.png,0
00000050_008.png,1
00000050_009.png,0
00000050_010.png,0
00000050_028.png,0
00000051_005.png,0
00000051_011.png,1
00000051_014.png,0
00000051_019.png,0
00000051_021.png,0
00000052_026.png,0
00000053_006.png,0
00000053_011.png,0
00000053_027.png,1
00000054_015.png,0
00000054_026.png,0
00000054_028.png,0
00000054_029.png,0
00000055_003.png,1
00000055_012.png,2
00000056_010.png,0
00000056_019.png,0
00000056_022.png,1
00000057_001.png,0
00000058_010.png,0
00000058_011.png,0
00000058_014.png,0
00000058_017.png,0
00000058_018.png,0
00000058_024.png,0
00000059_000.png,1
00000059_004.png,1
00000059_006.png,0
00000059_015.png,1
00000059_018.png,1
00000059_021.png,0
00000059_022.png,0
00000059_023.png,0
00000059_024.png,1
00000059_027.png,0
00000060_001.png,0
00000060_003.png,1
00000060_005.png,0
00000060_007.png,0
00000060_008.png,0
00000060_010.png,1
00000060_025.png,0
00000060_026.png,0
00000061_004.png,0
00000061_018.png,1
00000062_014.png,0
00000062_021.png,0
00000062_023.png,0
00000062_028.png,0
00000062_029.png,0
00000063_003.png,0
00000063_004.png,0
00000063_012.png,1
00000063_018.png,0
00000063_027.png,0
00000063_028.png,0
00000064_000.png,1
00000064_006.png,0
00000064_017.png,1
00000064_020.png,0
00000064_021.png,1
00000064_027.png,1
00000065_015.png,1
00000065_026.png,0
00000066_004.png,0
00000066_009.png,0
00000066_017.png,1
00000066_028.png,0
00000066_029.png,0
00000067_004.png,1
00000067_011.png,1
00000067_012.png,1
00000067_015.png,0
00000067_022.png,0
00000067_025.png,0
00000067_028.png,0
00000068_011.png,0
00000068_027.png,0
00000068_028.png,0
00000069_009.png,0
00000069_014.png,0
00000069_022.png,1
00000069_027.png,0
00000069_028.png,0
00000070_005.png,1
00000070_008.png,0
00000071_000.png,1
00000071_002.png,1
00000071_003.png,0
00000071_009.png,0
00000071_013.png,0
00000072_007.png,0
00000072_022.png,0
00000072_023.png,0
00000072_025.png,0
00000072_026.png,0
00000072_027.png,0
00000073_001.png,0
00000073_003.png,0
00000073_004.png,1
00000073_014.png,1
00000073_027.png,1
00000074_023.png,1
00000075_004.png,0
00000075_023.png,0
00000075_027.png,0
00000076_013.png,1
00000076_020.png,0
00000076_024.png,1
00000076_028.png,0
00000076_029.png,1
00000077_005.png,1
00000077_009.png,0
00000077_020.png,0
00000077_021.png,0
00000078_006.png,0
00000078_009.png,0
00000078_018.png,0
00000078_023.png,0
00000079_000.png,0
00000079_005.png,1
00000079_009.png,0
00000079_010.png,0
00000079_012.png,0
00000079_017.png,0
00000079_025.png,0
00000079_026.png,0
00000080_018.png,0
00000080_021.png,0
00000080_027.png,0
00000081_001.png,0
00000083_024.png,0
00000083_028.png,0
00000084_001.png,0
00000084_005.png,1
00000084_010.png,1
00000084_012.png,0
00000084_029.png,1
00000085_010.png,0
00000085_015.png,1
00000085_016.png,1
00000085_020.png,0
00000086_029.png,0
00000087_008.png,0
00000087_026.png,0
00000088_015.png,0
00000088_022.png,2
00000089_007.png,0
00000089_011.png,0
00000089_015.png,0
00000089_016.png,0
00000089_020.png,1
00000089_021.png,1
00000090_004.png,0
00000090_008.png,1
00000090_027.png,0
00000091_001.png,0
00000091_002.png,2
00000091_010.png,0
00000091_016.png,0
00000092_001.png,0
00000092_007.png,0
00000092_012.png,0
00000092_013.png,0
00000092_016.png,0
00000092_019.png,0
00000092_022.png,0
00000092_023.png,0
00000092_025.png,0
00000092_027.png,1
00000092_028.png,1
00000092_029.png,1
00000093_009.png,1
00000093_025.png,0
00000094_023.png,1
00000094_024.png,1
00000094_026.png,1
00000095_001.png,0
00000095_002.png,0
00000095_006.png,1
00000095_024.png,0
00000095_026.png,1
00000096_003.png,1
00000097_019.png,0
00000097_026.png,0
00000097_027.png,0
00000098_000.png,0
00000098_007.png,0
00000098_017.png,1
00000098_019.png,1
00000098_020.png,1
00000098_026.png,1
00000098_027.png,0
00000099_000.png,0
00000099_001.png,0
00000099_006.png,0
00000099_025.png,1
00000099_026.png,1
00000100_005.png,2
00000100_014.png,0
00000100_019.png,0
00000100_020.png,0
00000300_000.png,0
00000300_006.png,0
00000300_007.png,0
00000300_008.png,0
00000300_020.png,1
00000300_023.png,0
00000300_026.png,0
00000300_027.png,0
00000300_029.png,1
00000301_002.png,1
00000301_006.png,0
00000301_012.png,0
00000301_016.png,1
00000301_018.png,0
00000301_024.png,1
00000302_000.png,0
00000302_007.png,0
00000303_014.png,0
00000303_019.png,0
00000304_000.png,0
00000304_003.png,0
00000304_016.png,0
00000304_018.png,1
00000304_020.png,0
00000304_021.png,0
00000304_022.png,0
00000305_008.png,1
00000305_013.png,1
00000305_026.png,0
00000306_008.png,0
00000306_011.png,1
00000306_013.png,1
00000306_015.png,0
00000306_016.png,0
00000306_029.png,1
00000307_000.png,0
00000307_004.png,0
00000307_025.png,1
00000308_011.png,0
00000308_013.png,0
00000308_018.png,1
00000308_021.png,1
00000308_026.png,0
00000309_005.png,0
00000309_007.png,0
00000309_017.png,1
00000309_028.png,0
00000310_002.png,0
00000310_003.png,0
00000310_009.png,1
00000310_010.png,0
00000310_012.png,0
00000310_026.png,1
00000310_029.png,1
00000311_000.png,0
00000311_008.png,0
00000311_014.png,1
00000311_015.png,0
00000312_012.png,0
00000312_013.png,1
00000312_016.png,0
00000312_018.png,0
00000313_001.png,0
00000313_005.png,0
00000313_014.png,0
00000314_007.png,0
00000314_014.png,1
00000314_026.png,2
00000315_000.png,0
00000315_004.png,0
00000315_013.png,0
00000315_019.png,0
00000315_020.png,0
00000315_024.png,0
00000315_027.png,1
00000316_004.png,0
00000316_006.png,0
00000316_013.png,0
00000316_017.png,0
00000317_001.png,1
00000317_006.png,1
00000317_020.png,0
00000317_022.png,1
00000318_029.png,1
00000319_004.png,0
00000320_001.png,0
00000320_013.png,0
00000320_015.png,0
00000320_017.png,0
00000320_020.png,0
00000320_021.png,0
00000320_023.png,0
00000321_003.png,0
00000321_007.png,0
00000321_008.png,0
00000321_019.png,0
00000321_025.png,0
00000322_001.png,0
00000322_007.png,0
00000322_010.png,0
00000322_014.png,1
00000322_015.png,1
00000322_023.png,0
00000322_024.png,0
00000323_003.png,0
00000323_019.png,1
00000323_020.png,0
00000323_024.png,0
00000323_025.png,0
00000324_001.png,0
00000324_011.png,0
00000324_014.png,0
00000324_016.png,2
00000324_017.png,0
00000324_018.png,0
00000325_004.png,1
00000325_007.png,0
00000325_022.png,0
00000325_024.png,0
00000325_027.png,0
00000325_028.png,0
00000326_000.png,0
00000326_008.png,1
00000326_016.png,0
00000326_019.png,0
00000326_029.png,0
00000327_010.png,0
00000327_025.png,2
00000328_005.png,0
00000328_010.png,1
00000328_013.png,0
00000328_022.png,0
00000329_016.png,1
00000329_021.png,0
00000329_024.png,0
00000330_009.png,0
00000330_018.png,0
00000330_022.png,0
00000331_013.png,0
00000331_019.png,0
00000331_024.png,1
00000332_014.png,1
00000332_018.png,0
00000332_028.png,0
00000333_007.png,0
00000333_012.png,0
00000333_013.png,0
00000333_023.png,0
00000334_009.png,0
00000334_016.png,0
00000334_017.png,1
00000334_028.png,0
00000335_008.png,0
00000335_027.png,1
00000335_029.png,0
00000336_001.png,0
00000336_003.png,1
00000336_011.png,0
00000336_015.png,0
00000336_020.png,0
00000337_000.png,0
00000337_011.png,0
00000337_018.png,0
00000337_022.png,1
00000338_005.png,0
00000338_011.png,0
00000338_018.png,0
00000339_016.png,1
00000339_025.png,0
00000340_010.png,0
00000340_013.png,1
00000340_014.png,2
00000340_016.png,0
00000340_025.png,0
00000340_027.png,1
00000340_028.png,0
00000341_004.png,1
00000341_011.png,1
00000341_026.png,0
00000342_015.png,1
00000342_019.png,0
00000342_024.png,0
00000343_012.png,1
00000343_015.png,0
00000343_020.png,1
00000343_024.png,1
00000344_000.png,0
00000344_003.png,0
00000344_011.png,0
00000344_013.png,1
00000344_017.png,1
00000344_026.png,1
00000345_007.png,1
00000345_020.png,1
00000345_022.png,1
00000345_027.png,1
00000346_013.png,0
00000346_029.png,1
00000347_001.png,0
00000347_021.png,0
00000347_022.png,0
00000348_002.png,1
00000348_015.png,0
00000348_017.png,0
00000349_008.png,0
00000349_012.png,1
00000349_014.png,0
00000349_019.png,0
00000349_021.png,0
00000350_013.png,0
00000350_016.png,0
00000350_020.png,1
00000350_024.png,1
00000350_029.png,1
00000351_000.png,1
00000351_003.png,1
00000351_008.png,0
00000351_018.png,0
00000351_022.png,2
00000351_024.png,0
00000351_025.png,0
00000351_027.png,0
00000352_000.png,0
00000352_001.png,0
00000352_002.png,1
00000352_013.png,1
00000352_020.png,0
00000353_002.png,1
00000353_017.png,1
00000354_019.png,1
00000354_021.png,2
00000354_029.png,1
00000355_004.png,0
00000355_010.png,1
00000355_012.png,1
00000355_013.png,0
00000355_017.png,1
00000355_024.png,0
00000356_005.png,1
00000356_006.png,2
00000356_010.png,0
00000356_013.png,0
00000357_004.png,0
00000357_012.png,1
00000357_016.png,0
00000357_017.png,0
00000357_018.png,0
00000357_025.png,0
00000358_003.png,1
00000358_014.png,0
00000358_025.png,2
00000359_002.png,1
00000359_003.png,0
00000360_014.png,1
00000360_025.png,1
00000360_026.png,0
00000361_002.png,0
00000361_011.png,0
00000361_023.png,0
00000361_025.png,0
00000361_027.png,0
00000362_010.png,0
00000362_011.png,0
00000362_018.png,0
00000362_024.png,0
00000363_003.png,0
00000363_020.png,0
00000364_002.png,1
00000364_019.png,0
00000364_020.png,1
00000364_023.png,0
00000364_025.png,0
00000365_012.png,0
00000365_017.png,0
00000365_020.png,0
00000365_027.png,1
00000365_028.png,1
00000366_001.png,0
00000366_010.png,0
00000366_016.png,1
00000366_028.png,0
00000367_000.png,0
00000367_006.png,1
00000367_007.png,0
00000367_027.png,0
00000368_000.png,1
00000368_002.png,1
00000368_013.png,0
00000368_016.png,0
00000368_020.png,0
00000368_025.png,1
00000368_029.png,0
00000369_001.png,0
00000369_024.png,1
00000370_026.png,0
00000371_005.png,0
00000371_006.png,0
00000371_007.png,0
00000371_009.png,2
00000371_013.png,0
00000371_015.png,1
00000371_029.png,0
00000372_000.png,0
00000372_006.png,0
00000372_019.png,1
00000372_021.png,0
00000372_023.png,0
00000373_005.png,0
00000373_006.png,1
00000373_024.png,0
00000374_003.png,0
00000374_008.png,0
00000374_022.png,1
00000374_025.png,0
00000375_001.png,1
00000375_005.png,1
00000375_009.png,0
00000375_019.png,1
00000375_020.png,1
00000375_023.png,0
00000375_024.png,0
00000376_018.png,0
00000376_020.png,0
00000376_023.png,0
00000376_025.png,0
00000376_026.png,0
00000376_029.png,0
00000377_001.png,1
00000377_006.png,0
00000378_000.png,1
00000378_007.png,0
00000378_010.png,0
00000378_011.png,0
00000378_025.png,1
00000379_005.png,1
00000379_011.png,0
00000379_029.png,1
00000380_003.png,0
00000380_007.png,0
00000380_023.png,0
00000381_009.png,1
00000381_015.png,0
00000381_024.png,0
00000381_026.png,0
00000381_027.png,0
00000381_029.png,0
00000382_004.png,1
00000382_005.png,0
00000382_010.png,0
00000382_021.png,0
00000383_001.png,0
00000383_004.png,0
00000383_009.png,0
00000383_020.png,0
00000383_028.png,0
00000384_006.png,1
00000384_024.png,0
00000384_025.png,2
00000385_010.png,0
00000385_014.png,0
00000386_001.png,0
00000386_003.png,0
00000386_006.png,1
00000387_000.png,1
00000387_011.png,0
00000387_028.png,0
00000388_026.png,0
00000388_028.png,0
00000389_006.png,0
00000389_029.png,0
00000390_000.png,0
00000390_001.png,0
00000390_012.png,0
00000390_015.png,0
00000390_027.png,1
00000390_028.png,1
00000392_013.png,1
00000392_016.png,0
00000392_018.png,0
00000392_019.png,0
00000392_027.png,0
00000392_028.png,0
00000393_014.png,0
00000393_015.png,0
00000393_016.png,0
00000393_017.png,0
00000393_018.png,0
00000393_022.png,1
00000395_000.png,0
00000395_003.png,0
00000395_007.png,1
00000395_016.png,0
00000396_000.png,0
00000396_012.png,1
00000396_020.png,1
00000396_021.png,0
00000397_026.png,0
00000398_007.png,0
00000398_015.png,0
00000398_016.png,0
00000398_019.png,0
00000398_025.png,0
00000398_028.png,0
00000399_009.png,0
00000399_029.png,0
00000400_004.png,0
00000400_010.png,0
00000400_013.png,0
00000400_014.png,0
00000400_015.png,1
00000400_019.png,0
00000400_028.png,1
00000401_001.png,0
00000401_007.png,0
00000401_008.png,1
00000401_012.png,0
00000401_015.png,0
00000401_021.png,1
00000401_022.png,1
00000401_024.png,1
00000402_000.png,0
00000402_015.png,0
00000402_019.png,0
00000402_025.png,0
00000403_009.png,0
00000403_028.png,0
00000404_006.png,0
00000404_013.png,0
00000405_009.png,0
00000405_011.png,1
00000406_003.png,1
00000406_022.png,0
00000407_009.png,1
00000407_017.png,1
00000407_025.png,0
00000407_028.png,0
00000408_012.png,1
00000408_024.png,1
00000409_026.png,0
00000410_005.png,1
00000410_020.png,2
00000411_000.png,0
00000411_015.png,0
00000411_016.png,0
00000411_018.png,0
00000411_023.png,0
00000412_004.png,0
00000412_008.png,0
00000412_024.png,0
00000412_026.png,0
00000413_001.png,0
00000413_005.png,0
00000413_028.png,0
00000414_000.png,0
00000414_012.png,0
00000415_009.png,0
00000415_019.png,0
00000415_021.png,0
00000416_003.png,1
00000416_014.png,0
00000416_025.png,0
00000417_001.png,0
00000417_017.png,1
00000417_018.png,1
00000417_019.png,1
00000418_007.png,1
00000418_008.png,0
00000418_019.png,1
00000418_024.png,1
00000419_004.png,1
00000419_023.png,0
00000419_026.png,1
00000421_013.png,1
00000421_016.png,1
00000421_025.png,0
00000422_003.png,0
00000423_005.png,0
00000423_006.png,0
00000424_015.png,1
00000424_026.png,1
00000424_027.png,1
00000425_005.png,0
00000425_009.png,0
00000426_016.png,0
00000426_021.png,1
00000426_026.png,1
00000426_029.png,1
00000427_001.png,0
00000427_026.png,0
00000427_027.png,0
00000428_005.png,0
00000428_020.png,0
00000428_021.png,0
00000429_023.png,0
00000430_000.png,0
00000430_001.png,0
00000430_029.png,1
00000431_000.png,1
00000431_001.png,1
00000431_003.png,1
00000431_006.png,1
00000431_009.png,0
00000431_013.png,1
00000431_024.png,1
00000432_006.png,0
00000432_018.png,0
00000432_022.png,1
00000432_028.png,1
00000433_019.png,0
00000433_023.png,1
00000433_025.png,1
00000434_021.png,0
00000435_000.png,0
00000435_002.png,1
00000435_003.png,1
00000435_015.png,0
00000437_000.png,0
00000437_002.png,1
00000437_003.png,1
00000437_020.png,1
00000437_024.png,0
00000438_016.png,1
00000438_019.png,0
00000439_012.png,1
00000439_017.png,1
00000439_029.png,0
00000440_003.png,0
00000440_010.png,0
00000440_011.png,0
00000440_012.png,0
00000441_004.png,1
00000441_007.png,1
00000441_010.png,0
00000441_011.png,1
00000441_013.png,0
00000441_020.png,0
00000441_024.png,1
00000442_004.png,1
00000442_015.png,0
00000442_019.png,0
00000442_023.png,1
00000443_002.png,1
00000443_015.png,0
00000443_016.png,0
00000443_029.png,1
00000444_002.png,1
00000444_004.png,0
00000444_010.png,0
00000444_014.png,0
00000444_016.png,0
00000444_025.png,1
00000445_000.png,0
00000445_007.png,0
00000445_008.png,0
00000445_009.png,0
00000445_020.png,0
00000446_002.png,1
00000446_003.png,1
00000446_004.png,0
00000446_005.png,0
00000446_007.png,1
00000446_010.png,0
00000446_011.png,0
00000446_014.png,0
00000446_026.png,1
00000447_011.png,1
00000447_015.png,1
00000447_018.png,1
00000447_020.png,0
00000447_021.png,0
00000448_019.png,0
00000448_022.png,0
00000448_029.png,0
00000449_003.png,0
00000449_010.png,0
00000450_002.png,1
00000450_005.png,0
00000450_009.png,0
00000450_016.png,1
00000450_019.png,0
00000450_021.png,0
00000450_028.png,1
00000451_018.png,0
00000451_019.png,0
00000451_021.png,0
00000451_025.png,0
00000451_028.png,1
00000452_003.png,0
00000452_008.png,1
00000452_011.png,0
00000452_013.png,0
00000452_029.png,1
00000453_003.png,0
00000453_007.png,1
00000453_019.png,0
00000454_002.png,1
00000454_006.png,1
00000454_015.png,1
00000454_016.png,1
00000455_016.png,0
00000455_026.png,1
00000455_027.png,1
CAT_01_00000100_002.png,1
CAT_01_00000100_003.png,1
CAT_01_00000100_005.png,0
CAT_01_00000100_008.png,1
CAT_01_00000100_012.png,1
CAT_01_00000100_021.png,0
CAT_01_00000100_026.png,1
CAT_01_00000100_027.png,0
CAT_01_00000101_017.png,0
CAT_01_00000102_013.png,1
CAT_01_00000102_017.png,0
CAT_01_00000102_021.png,0
CAT_01_00000102_027.png,0
CAT_01_00000103_003.png,1
CAT_01_00000103_019.png,1
CAT_01_00000103_026.png,1
CAT_01_00000104_024.png,0
CAT_01_00000104_028.png,1
CAT_01_00000105_011.png,0
CAT_01_00000105_016.png,0
CAT_01_00000105_019.png,0
CAT_01_00000105_027.png,1
CAT_01_00000105_029.png,1
CAT_01_00000106_002.png,0
CAT_01_00000106_015.png,1
CAT_01_00000107_000.png,0
CAT_01_00000107_001.png,0
CAT_01_00000107_010.png,0
CAT_01_00000107_012.png,0
CAT_01_00000107_021.png,0
CAT_01_00000107_024.png,1
CAT_01_00000107_027.png,1
CAT_01_00000108_008.png,2
CAT_01_00000109_005.png,1
CAT_01_00000109_008.png,2
CAT_01_00000109_016.png,0
CAT_01_00000109_018.png,0
CAT_01_00000110_001.png,0
CAT_01_00000110_003.png,0
CAT_01_00000110_011.png,0
CAT_01_00000110_021.png,0
CAT_01_00000110_022.png,0
CAT_01_00000110_025.png,0
CAT_01_00000110_029.png,0
CAT_01_00000111_000.png,1
CAT_01_00000111_001.png,1
CAT_01_00000111_009.png,1
CAT_01_00000111_018.png,0
CAT_01_00000111_020.png,0
CAT_01_00000112_001.png,0
CAT_01_00000113_003.png,0
CAT_01_00000113_005.png,1
CAT_01_00000113_011.png,0
CAT_01_00000113_014.png,0
CAT_01_00000113_024.png,0
CAT_01_00000114_007.png,0
CAT_01_00000114_012.png,1
CAT_01_00000114_013.png,1
CAT_01_00000114_028.png,0
CAT_01_00000114_029.png,0
CAT_01_00000115_001.png,0
CAT_01_00000115_017.png,1
CAT_01_00000115_018.png,1
CAT_01_00000115_020.png,1
CAT_01_00000116_001.png,1
CAT_01_00000116_007.png,0
CAT_01_00000116_011.png,0
CAT_01_00000116_015.png,0
CAT_01_00000116_020.png,1
CAT_01_00000117_008.png,0
CAT_01_00000117_009.png,0
CAT_01_00000117_023.png,0
CAT_01_00000117_024.png,0
CAT_01_00000117_028.png,1
CAT_01_00000118_004.png,1
CAT_01_00000118_010.png,0
CAT_01_00000118_016.png,1
CAT_01_00000118_022.png,1
CAT_01_00000119_000.png,1
CAT_01_00000119_004.png,0
CAT_01_00000119_007.png,0
CAT_01_00000119_010.png,1
CAT_01_00000119_012.png,0
CAT_01_00000119_019.png,0
CAT_01_00000120_019.png,0
CAT_01_00000120_028.png,0
CAT_01_00000121_005.png,0
CAT_01_00000121_006.png,0
CAT_01_00000121_011.png,0
CAT_01_00000121_017.png,1
CAT_01_00000122_021.png,0
CAT_01_00000122_025.png,0
CAT_01_00000123_001.png,0
CAT_01_00000123_003.png,0
CAT_01_00000123_004.png,0
CAT_01_00000123_008.png,0
CAT_01_00000123_010.png,1
CAT_01_00000123_021.png,0
CAT_01_00000124_001.png,1
CAT_01_00000124_005.png,1
CAT_01_00000124_012.png,1
CAT_01_00000124_021.png,1
CAT_01_00000124_022.png,0
CAT_01_00000124_023.png,1
CAT_01_00000125_001.png,1
CAT_01_00000125_003.png,1
CAT_01_00000125_016.png,0
CAT_01_00000125_017.png,0
CAT_01_00000125_019.png,0
CAT_01_00000125_027.png,0
CAT_01_00000126_001.png,1
CAT_01_00000126_006.png,0
CAT_01_00000126_015.png,0
CAT_01_00000126_022.png,0
CAT_01_00000126_028.png,1
CAT_01_00000127_000.png,1
CAT_01_00000127_016.png,2
CAT_01_00000127_019.png,1
CAT_01_00000127_021.png,0
CAT_01_00000128_010.png,0
CAT_01_00000128_015.png,0
CAT_01_00000128_026.png,0
CAT_01_00000129_000.png,1
CAT_01_00000129_006.png,1
CAT_01_00000129_007.png,0
CAT_01_00000129_009.png,0
CAT_01_00000129_012.png,0
CAT_01_00000129_015.png,0
CAT_01_00000129_016.png,0
CAT_01_00000129_017.png,0
CAT_01_00000129_018.png,0
CAT_01_00000130_008.png,0
CAT_01_00000130_021.png,0
CAT_01_00000131_002.png,0
CAT_01_00000131_008.png,1
CAT_01_00000131_009.png,1
CAT_01_00000131_010.png,0
CAT_01_00000131_012.png,0
CAT_01_00000131_016.png,1
CAT_01_00000131_017.png,0
CAT_01_00000131_018.png,0
CAT_01_00000131_022.png,0
CAT_01_00000131_023.png,0
CAT_01_00000131_026.png,1
CAT_01_00000132_000.png,0
CAT_01_00000132_005.png,0
CAT_01_00000132_013.png,0
CAT_01_00000132_024.png,0
CAT_01_00000132_027.png,0
CAT_01_00000132_028.png,0
CAT_01_00000132_029.png,0
CAT_01_00000133_000.png,0
CAT_01_00000133_007.png,0
CAT_01_00000133_008.png,0
CAT_01_00000133_009.png,1
CAT_01_00000133_013.png,0
CAT_01_00000133_017.png,1
CAT_01_00000133_023.png,1
CAT_01_00000133_025.png,1
CAT_01_00000134_005.png,1
CAT_01_00000134_010.png,0
CAT_01_00000134_023.png,1
CAT_01_00000134_025.png,0
CAT_01_00000135_005.png,0
CAT_01_00000135_010.png,1
CAT_01_00000135_013.png,1
CAT_01_00000135_027.png,1
CAT_01_00000136_000.png,0
CAT_01_00000136_002.png,0
CAT_01_00000136_008.png,0
CAT_01_00000136_011.png,0
CAT_01_00000136_012.png,1
CAT_01_00000136_014.png,1
CAT_01_00000136_019.png,0
CAT_01_00000136_020.png,1
CAT_01_00000136_021.png,1
CAT_01_00000137_007.png,0
CAT_01_00000137_017.png,1
CAT_01_00000137_019.png,1
CAT_01_00000137_027.png,0
CAT_01_00000137_028.png,1
CAT_01_00000137_029.png,0
CAT_01_00000138_000.png,0
CAT_01_00000138_004.png,0
CAT_01_00000138_005.png,0
CAT_01_00000138_007.png,1
CAT_01_00000138_026.png,0
CAT_01_00000139_007.png,0
CAT_01_00000139_014.png,0
CAT_01_00000139_022.png,1
CAT_01_00000139_025.png,2
CAT_01_00000140_004.png,0
CAT_01_00000140_008.png,1
CAT_01_00000140_014.png,0
CAT_01_00000140_027.png,0
CAT_01_00000141_001.png,1
CAT_01_00000141_022.png,1
CAT_01_00000142_001.png,1
CAT_01_00000142_002.png,1
CAT_01_00000142_006.png,0
CAT_01_00000142_007.png,0
CAT_01_00000142_012.png,1
CAT_01_00000142_022.png,0
CAT_01_00000142_026.png,0
CAT_01_00000142_027.png,1
CAT_01_00000142_028.png,0
CAT_01_00000142_029.png,1
CAT_01_00000143_005.png,1
CAT_01_00000143_008.png,0
CAT_01_00000143_012.png,1
CAT_01_00000143_026.png,1
CAT_01_00000144_008.png,1
CAT_01_00000144_010.png,1
CAT_01_00000145_002.png,0
CAT_01_00000145_004.png,0
CAT_01_00000145_005.png,0
CAT_01_00000145_006.png,1
CAT_01_00000145_020.png,1
CAT_01_00000146_000.png,1
CAT_01_00000146_017.png,0
CAT_01_00000146_020.png,2
CAT_01_00000146_021.png,1
CAT_01_00000147_009.png,0
CAT_01_00000147_025.png,2
CAT_01_00000147_026.png,0
CAT_01_00000147_028.png,0
CAT_01_00000148_015.png,0
CAT_01_00000148_018.png,0
CAT_01_00000148_020.png,0
CAT_01_00000148_028.png,2
CAT_01_00000149_001.png,1
CAT_01_00000149_004.png,0
CAT_01_00000149_005.png,0
CAT_01_00000149_013.png,2
CAT_01_00000149_020.png,0
CAT_01_00000150_006.png,1
CAT_01_00000150_012.png,1
CAT_01_00000150_013.png,1
CAT_01_00000150_017.png,0
CAT_01_00000150_020.png,0
CAT_01_00000151_004.png,0
CAT_01_00000151_005.png,0
CAT_01_00000151_013.png,1
CAT_01_00000151_016.png,0
CAT_01_00000151_022.png,0
CAT_01_00000151_024.png,0
CAT_01_00000151_025.png,0
CAT_01_00000152_001.png,0
CAT_01_00000152_008.png,0
CAT_01_00000152_019.png,0
CAT_01_00000153_000.png,1
CAT_01_00000153_012.png,0
CAT_01_00000153_023.png,0
CAT_01_00000153_028.png,1
CAT_01_00000154_005.png,1
CAT_01_00000154_009.png,0
CAT_01_00000154_011.png,0
CAT_01_00000154_021.png,0
CAT_01_00000154_025.png,1
CAT_01_00000154_027.png,0
CAT_01_00000154_028.png,1
CAT_01_00000155_012.png,1
CAT_01_00000155_028.png,0
CAT_01_00000156_007.png,0
CAT_01_00000156_011.png,1
CAT_01_00000156_025.png,0
CAT_01_00000156_027.png,2
CAT_01_00000157_003.png,0
CAT_01_00000157_005.png,0
CAT_01_00000157_010.png,0
CAT_01_00000157_024.png,0
CAT_01_00000158_019.png,0
CAT_01_00000158_026.png,0
CAT_01_00000158_027.png,0
CAT_01_00000158_028.png,0
CAT_01_00000159_006.png,0
CAT_01_00000159_010.png,0
CAT_01_00000159_015.png,0
CAT_01_00000159_018.png,0
CAT_01_00000159_019.png,0
CAT_01_00000159_023.png,0
CAT_01_00000159_026.png,0
CAT_01_00000160_003.png,1
CAT_01_00000160_019.png,0
CAT_01_00000160_020.png,0
CAT_01_00000160_022.png,0
CAT_01_00000160_026.png,1
CAT_01_00000161_009.png,0
CAT_01_00000161_011.png,0
CAT_01_00000161_014.png,0
CAT_01_00000161_018.png,0
CAT_01_00000161_025.png,0
CAT_01_00000162_003.png,0
CAT_01_00000162_007.png,0
CAT_01_00000162_015.png,0
CAT_01_00000162_029.png,0
CAT_01_00000163_014.png,0
CAT_01_00000163_017.png,0
CAT_01_00000163_019.png,0
CAT_01_00000163_020.png,0
CAT_01_00000163_023.png,0
CAT_01_00000164_006.png,0
CAT_01_00000164_008.png,1
CAT_01_00000164_015.png,0
CAT_01_00000164_016.png,1
CAT_01_00000164_026.png,1
CAT_01_00000165_008.png,0
CAT_01_00000165_019.png,1
CAT_01_00000165_021.png,0
CAT_01_00000165_025.png,0
CAT_01_00000166_003.png,0
CAT_01_00000166_008.png,0
CAT_01_00000166_011.png,0
CAT_01_00000166_026.png,2
CAT_01_00000166_028.png,0
CAT_01_00000167_009.png,0
CAT_01_00000167_010.png,0
CAT_01_00000167_028.png,0
CAT_01_00000167_029.png,1
CAT_01_00000168_004.png,1
CAT_01_00000168_007.png,0
CAT_01_00000168_023.png,0
CAT_01_00000169_004.png,0
CAT_01_00000169_010.png,0
CAT_01_00000169_011.png,0
CAT_01_00000169_016.png,0
CAT_01_00000169_023.png,0
CAT_01_00000169_024.png,1
CAT_01_00000170_011.png,1
CAT_01_00000170_013.png,0
CAT_01_00000170_021.png,0
CAT_01_00000170_026.png,1
CAT_01_00000171_003.png,0
CAT_01_00000171_005.png,1
CAT_01_00000171_017.png,1
CAT_01_00000171_020.png,0
CAT_01_00000172_015.png,1
CAT_01_00000172_019.png,0
CAT_01_00000172_020.png,0
CAT_01_00000172_022.png,0
CAT_01_00000172_024.png,0
CAT_01_00000173_002.png,0
CAT_01_00000173_006.png,0
CAT_01_00000173_007.png,1
CAT_01_00000173_008.png,1
CAT_01_00000173_019.png,0
CAT_01_00000173_020.png,0
CAT_01_00000173_022.png,1
CAT_01_00000174_004.png,0
CAT_01_00000174_008.png,0
CAT_01_00000174_011.png,0
CAT_01_00000174_012.png,0
CAT_01_00000174_013.png,0
CAT_01_00000174_024.png,0
CAT_01_00000174_027.png,0
CAT_01_00000174_028.png,2
CAT_01_00000175_007.png,0
CAT_01_00000175_009.png,0
CAT_01_00000175_011.png,0
CAT_01_00000175_012.png,0
CAT_01_00000176_000.png,1
CAT_01_00000176_003.png,0
CAT_01_00000176_006.png,2
CAT_01_00000176_010.png,2
CAT_01_00000176_025.png,0
CAT_01_00000177_013.png,1
CAT_01_00000177_014.png,0
CAT_01_00000177_016.png,0
CAT_01_00000177_018.png,0
CAT_01_00000177_025.png,1
CAT_01_00000177_028.png,0
CAT_01_00000178_000.png,0
CAT_01_00000178_003.png,1
CAT_01_00000178_009.png,0
CAT_01_00000178_014.png,0
CAT_01_00000178_029.png,0
CAT_01_00000179_005.png,1
CAT_01_00000179_012.png,0
CAT_01_00000179_015.png,1
CAT_01_00000179_017.png,1
CAT_01_00000179_019.png,1
CAT_01_00000179_020.png,1
CAT_01_00000179_024.png,0
CAT_01_00000179_026.png,0
CAT_01_00000179_027.png,1
CAT_01_00000179_029.png,1
CAT_01_00000180_004.png,1
CAT_01_00000180_011.png,1
CAT_01_00000180_014.png,0
CAT_01_00000180_021.png,0
CAT_01_00000181_007.png,0
CAT_01_00000181_011.png,1
CAT_01_00000181_012.png,0
CAT_01_00000181_013.png,0
CAT_01_00000181_027.png,1
CAT_01_00000182_010.png,0
CAT_01_00000182_018.png,1
CAT_01_00000182_020.png,0
CAT_01_00000183_012.png,1
CAT_01_00000183_013.png,1
CAT_01_00000183_023.png,0
CAT_01_00000183_027.png,0
CAT_01_00000183_028.png,1
CAT_01_00000184_023.png,1
CAT_01_00000184_024.png,1
